dataEfetiva,categoria,valorEfetivo,descricao
2025-07-04T00:00:00,1.1.1 Locação de Veiculos,701.4,ALUGUEL DE MOTO - SKJ8E68 
2025-07-01T00:00:00,1.1.1 Locação de Veiculos,36.93,ALUGUEL DE VEÍCULO SEMANAL 
2025-07-01T00:00:00,1.1.1 Locação de Veiculos,363.3,ALUGUEL DE VEÍCULO SEMANAL 3/12
2025-07-01T00:00:00,1.1.1 Locação de Veiculos,276.84,ALUGUEL SEMANAL 
2025-07-01T00:00:00,1.1.1 Locação de Veiculos,323.02,ALUGUEL SEMANAL 
2025-07-01T00:00:00,1.1.1 Locação de Veiculos,363.3,ALUGUEL SEMANAL 
2025-07-01T00:00:00,1.1.1 Locação de Veiculos,400.23,ALUGUEL SEMANAL 
2025-07-01T00:00:00,1.1.1 Locação de Veiculos,400.23,ALUGUEL SEMANAL 
2025-07-03T00:00:00,1.1.1 Locação de Veiculos,349.3,ALUGUEL SEMANAL 
2025-07-03T00:00:00,1.1.1 Locação de Veiculos,363.3,ALUGUEL SEMANAL 
2025-07-03T00:00:00,1.1.1 Locação de Veiculos,363.3,ALUGUEL SEMANAL 
2025-07-03T00:00:00,1.1.1 Locação de Veiculos,419.3,ALUGUEL SEMANAL 
2025-07-03T00:00:00,1.1.1 Locação de Veiculos,439.05,ALUGUEL SEMANAL 
2025-07-04T00:00:00,1.1.1 Locação de Veiculos,353.53,ALUGUEL SEMANAL 
2025-07-04T00:00:00,1.1.1 Locação de Veiculos,384.34,ALUGUEL SEMANAL 
2025-07-04T00:00:00,1.1.1 Locação de Veiculos,384.34,ALUGUEL SEMANAL 
2025-07-04T00:00:00,1.1.1 Locação de Veiculos,399.75,ALUGUEL SEMANAL 
2025-07-05T00:00:00,1.1.1 Locação de Veiculos,276.59,ALUGUEL SEMANAL 
2025-07-05T00:00:00,1.1.1 Locação de Veiculos,284.5,ALUGUEL SEMANAL 
2025-07-06T00:00:00,1.1.1 Locação de Veiculos,276.68,ALUGUEL SEMANAL 
2025-07-07T00:00:00,1.1.1 Locação de Veiculos,276.76,ALUGUEL SEMANAL 
2025-07-07T00:00:00,1.1.1 Locação de Veiculos,339.64,ALUGUEL SEMANAL 
2025-07-07T00:00:00,1.1.1 Locação de Veiculos,353.85,ALUGUEL SEMANAL 
2025-07-07T00:00:00,1.1.1 Locação de Veiculos,392.4,ALUGUEL SEMANAL 
2025-07-07T00:00:00,1.1.1 Locação de Veiculos,400.11,ALUGUEL SEMANAL 
2025-07-07T00:00:00,1.1.1 Locação de Veiculos,400.11,ALUGUEL SEMANAL 
2025-07-07T00:00:00,1.1.1 Locação de Veiculos,400.11,ALUGUEL SEMANAL 
2025-07-07T00:00:00,1.1.1 Locação de Veiculos,423.24,ALUGUEL SEMANAL 
2025-07-08T00:00:00,1.1.1 Locação de Veiculos,323.11,ALUGUEL SEMANAL 
2025-07-08T00:00:00,1.1.1 Locação de Veiculos,323.11,ALUGUEL SEMANAL 
2025-07-08T00:00:00,1.1.1 Locação de Veiculos,400.23,ALUGUEL SEMANAL 
2025-07-08T00:00:00,1.1.1 Locação de Veiculos,438.79,ALUGUEL SEMANAL 
2025-07-09T00:00:00,1.1.1 Locação de Veiculos,500.0,ALUGUEL SEMANAL 
2025-07-09T00:00:00,1.1.1 Locação de Veiculos,729.61,ALUGUEL SEMANAL 
2025-07-10T00:00:00,1.1.1 Locação de Veiculos,251.31,ALUGUEL SEMANAL 
2025-07-10T00:00:00,1.1.1 Locação de Veiculos,349.3,ALUGUEL SEMANAL 
2025-07-10T00:00:00,1.1.1 Locação de Veiculos,363.3,ALUGUEL SEMANAL 
2025-07-10T00:00:00,1.1.1 Locação de Veiculos,363.3,ALUGUEL SEMANAL 
2025-07-10T00:00:00,1.1.1 Locação de Veiculos,398.3,ALUGUEL SEMANAL 
2025-07-10T00:00:00,1.1.1 Locação de Veiculos,419.3,ALUGUEL SEMANAL 
2025-07-11T00:00:00,1.1.1 Locação de Veiculos,293.3,ALUGUEL SEMANAL 
2025-07-11T00:00:00,1.1.1 Locação de Veiculos,293.3,ALUGUEL SEMANAL 
2025-07-11T00:00:00,1.1.1 Locação de Veiculos,323.6,ALUGUEL SEMANAL 
2025-07-11T00:00:00,1.1.1 Locação de Veiculos,384.34,ALUGUEL SEMANAL 
2025-07-12T00:00:00,1.1.1 Locação de Veiculos,276.59,ALUGUEL SEMANAL 
2025-07-12T00:00:00,1.1.1 Locação de Veiculos,353.64,ALUGUEL SEMANAL 
2025-07-12T00:00:00,1.1.1 Locação de Veiculos,384.46,ALUGUEL SEMANAL 
2025-07-13T00:00:00,1.1.1 Locação de Veiculos,399.99,ALUGUEL SEMANAL 
2025-07-13T00:00:00,1.1.1 Locação de Veiculos,399.99,ALUGUEL SEMANAL 
2025-07-13T00:00:00,1.1.1 Locação de Veiculos,399.99,ALUGUEL SEMANAL 
2025-07-14T00:00:00,1.1.1 Locação de Veiculos,276.76,ALUGUEL SEMANAL 
2025-07-14T00:00:00,1.1.1 Locação de Veiculos,323.02,ALUGUEL SEMANAL 
2025-07-14T00:00:00,1.1.1 Locação de Veiculos,353.85,ALUGUEL SEMANAL 
2025-07-14T00:00:00,1.1.1 Locação de Veiculos,392.4,ALUGUEL SEMANAL 
2025-07-14T00:00:00,1.1.1 Locação de Veiculos,423.24,ALUGUEL SEMANAL 
2025-07-15T00:00:00,1.1.1 Locação de Veiculos,400.23,ALUGUEL SEMANAL 
2025-07-15T00:00:00,1.1.1 Locação de Veiculos,400.23,ALUGUEL SEMANAL 
2025-07-16T00:00:00,1.1.1 Locação de Veiculos,323.21,ALUGUEL SEMANAL 
2025-07-16T00:00:00,1.1.1 Locação de Veiculos,400.35,ALUGUEL SEMANAL 
2025-07-17T00:00:00,1.1.1 Locação de Veiculos,251.3,ALUGUEL SEMANAL 
2025-07-17T00:00:00,1.1.1 Locação de Veiculos,293.3,ALUGUEL SEMANAL 
2025-07-17T00:00:00,1.1.1 Locação de Veiculos,321.3,ALUGUEL SEMANAL 
2025-07-17T00:00:00,1.1.1 Locação de Veiculos,349.3,ALUGUEL SEMANAL 
2025-07-17T00:00:00,1.1.1 Locação de Veiculos,349.3,ALUGUEL SEMANAL 
2025-07-17T00:00:00,1.1.1 Locação de Veiculos,363.3,ALUGUEL SEMANAL 
2025-07-17T00:00:00,1.1.1 Locação de Veiculos,363.3,ALUGUEL SEMANAL 
2025-07-17T00:00:00,1.1.1 Locação de Veiculos,398.3,ALUGUEL SEMANAL 
2025-07-17T00:00:00,1.1.1 Locação de Veiculos,439.05,ALUGUEL SEMANAL 
2025-07-18T00:00:00,1.1.1 Locação de Veiculos,322.72,ALUGUEL SEMANAL 
2025-07-18T00:00:00,1.1.1 Locação de Veiculos,323.6,ALUGUEL SEMANAL 
2025-07-20T00:00:00,1.1.1 Locação de Veiculos,276.68,ALUGUEL SEMANAL 
2025-07-20T00:00:00,1.1.1 Locação de Veiculos,399.99,ALUGUEL SEMANAL 
2025-07-20T00:00:00,1.1.1 Locação de Veiculos,399.99,ALUGUEL SEMANAL 
2025-07-21T00:00:00,1.1.1 Locação de Veiculos,101.8,ALUGUEL SEMANAL 
2025-07-21T00:00:00,1.1.1 Locação de Veiculos,276.76,ALUGUEL SEMANAL 
2025-07-21T00:00:00,1.1.1 Locação de Veiculos,323.02,ALUGUEL SEMANAL 
2025-07-21T00:00:00,1.1.1 Locação de Veiculos,363.3,ALUGUEL SEMANAL 
2025-07-21T00:00:00,1.1.1 Locação de Veiculos,384.69,ALUGUEL SEMANAL 
2025-07-21T00:00:00,1.1.1 Locação de Veiculos,400.11,ALUGUEL SEMANAL 
2025-07-22T00:00:00,1.1.1 Locação de Veiculos,99.8,ALUGUEL SEMANAL 
2025-07-22T00:00:00,1.1.1 Locação de Veiculos,353.96,ALUGUEL SEMANAL 
2025-07-22T00:00:00,1.1.1 Locação de Veiculos,423.37,ALUGUEL SEMANAL 
2025-07-23T00:00:00,1.1.1 Locação de Veiculos,272.0,ALUGUEL SEMANAL 
2025-07-23T00:00:00,1.1.1 Locação de Veiculos,438.92,ALUGUEL SEMANAL 
2025-07-24T00:00:00,1.1.1 Locação de Veiculos,251.3,ALUGUEL SEMANAL 
2025-07-24T00:00:00,1.1.1 Locação de Veiculos,293.3,ALUGUEL SEMANAL 
2025-07-24T00:00:00,1.1.1 Locação de Veiculos,293.3,ALUGUEL SEMANAL 
2025-07-24T00:00:00,1.1.1 Locação de Veiculos,321.3,ALUGUEL SEMANAL 
2025-07-24T00:00:00,1.1.1 Locação de Veiculos,323.31,ALUGUEL SEMANAL 
2025-07-24T00:00:00,1.1.1 Locação de Veiculos,349.3,ALUGUEL SEMANAL 
2025-07-24T00:00:00,1.1.1 Locação de Veiculos,363.3,ALUGUEL SEMANAL 
2025-07-24T00:00:00,1.1.1 Locação de Veiculos,363.3,ALUGUEL SEMANAL 
2025-07-24T00:00:00,1.1.1 Locação de Veiculos,400.47,ALUGUEL SEMANAL 
2025-07-24T00:00:00,1.1.1 Locação de Veiculos,419.3,ALUGUEL SEMANAL 
2025-07-24T00:00:00,1.1.1 Locação de Veiculos,419.3,ALUGUEL SEMANAL 
2025-07-24T00:00:00,1.1.1 Locação de Veiculos,422.06,ALUGUEL SEMANAL 
2025-07-25T00:00:00,1.1.1 Locação de Veiculos,322.72,ALUGUEL SEMANAL 
2025-07-25T00:00:00,1.1.1 Locação de Veiculos,399.75,ALUGUEL SEMANAL 
2025-07-25T00:00:00,1.1.1 Locação de Veiculos,438.26,ALUGUEL SEMANAL 
2025-07-26T00:00:00,1.1.1 Locação de Veiculos,384.46,ALUGUEL SEMANAL 
2025-07-26T00:00:00,1.1.1 Locação de Veiculos,399.87,ALUGUEL SEMANAL 
2025-07-27T00:00:00,1.1.1 Locação de Veiculos,276.68,ALUGUEL SEMANAL 
2025-07-28T00:00:00,1.1.1 Locação de Veiculos,363.3,ALUGUEL SEMANAL 
2025-07-28T00:00:00,1.1.1 Locação de Veiculos,363.3,ALUGUEL SEMANAL 
2025-07-28T00:00:00,1.1.1 Locação de Veiculos,349.3,ALUGUEL SEMANAL 
2025-07-28T00:00:00,1.1.1 Locação de Veiculos,251.3,ALUGUEL SEMANAL 
2025-07-29T00:00:00,1.1.1 Locação de Veiculos,293.3,ALUGUEL SEMANAL 
2025-07-29T00:00:00,1.1.1 Locação de Veiculos,384.3,ALUGUEL SEMANAL 
2025-07-29T00:00:00,1.1.1 Locação de Veiculos,523.86,ALUGUEL SEMANAL 
2025-07-30T00:00:00,1.1.1 Locação de Veiculos,293.3,ALUGUEL SEMANAL 
2025-07-28T00:00:00,"1.3.3 Devolução, Reembolso e Estorno",829.9,DEVOLUÇÃO PGTO CARTÃO 
2025-07-23T00:00:00,1.1.12 Emplacamento,800.0,EMPLACAMENTO 
2025-07-01T00:00:00,1.1.12 Emplacamento,820.0,EMPLACAMENTO 1 MOTO 
2025-07-01T00:00:00,1.1.12 Emplacamento,1640.0,EMPLACAMENTO 2 MOTOS 
2025-07-16T00:00:00,1.1.12 Emplacamento,3952.65,EMPLACAMENTO 5 MOTOS 
2025-07-14T00:00:00,1.1.12 Emplacamento,5600.0,EMPLACAMENTO FBF- 7 MOTOS 
2025-07-16T00:00:00,1.1.12 Emplacamento,3162.12,EMPLACAMENTO NC LOCMAIS- 4 MOTOS 
2025-07-03T00:00:00,1.2.7 Empréstimo Mútuo,15000.0,EMPRESTIMO INOVAR 
2025-07-07T00:00:00,1.2.7 Empréstimo Mútuo,35000.0,EMPRESTIMO INOVAR 
2025-07-24T00:00:00,1.2.7 Empréstimo Mútuo,5000.0,EMPRESTIMO INOVAR 
2025-07-25T00:00:00,1.2.7 Empréstimo Mútuo,3000.0,EMPRESTIMO INOVAR 
2025-07-10T00:00:00,1.2.1 Empréstimo Bancário,30000.0,EMPRESTIMO MUTUO 
2025-07-30T00:00:00,1.2.7 Empréstimo Mútuo,50000.0,EMPRESTIMO MUTUO 
2025-07-10T00:00:00,1.2.7 Empréstimo Mútuo,10000.0,EMPRESTIMO RUMO 
2025-07-23T00:00:00,1.2.7 Empréstimo Mútuo,10000.0,EMPRESTIMO RUMO 
2025-07-14T00:00:00,1.1.6 Taxa de Seguro,200.0,GUINCHO 
2025-07-28T00:00:00,1.3.4 Juros e Multas recebidas,36.81,JUROS 
2025-07-28T00:00:00,1.3.4 Juros e Multas recebidas,35.39,JUROS 
2025-07-28T00:00:00,1.3.4 Juros e Multas recebidas,25.46,JUROS 
2025-07-29T00:00:00,1.3.4 Juros e Multas recebidas,4.35,JUROS 
2025-07-29T00:00:00,1.3.4 Juros e Multas recebidas,13.94,JUROS 
2025-07-29T00:00:00,1.3.4 Juros e Multas recebidas,29.81,JUROS 
2025-07-29T00:00:00,1.3.4 Juros e Multas recebidas,39.07,JUROS 
2025-07-29T00:00:00,1.3.4 Juros e Multas recebidas,53.25,JUROS 
2025-07-30T00:00:00,1.3.4 Juros e Multas recebidas,29.91,JUROS 
2025-07-08T00:00:00,1.3.4 Juros e Multas recebidas,167.78,JUROS - TAXA DE MANUTENÇÃO 
2025-07-14T00:00:00,1.1.2 Taxa de Manutenção,164.0,JUROS - TAXA DE MANUTENÇÃO 
2025-07-15T00:00:00,1.1.2 Taxa de Manutenção,114.27,JUROS - TAXA DE MANUTENÇÃO 
2025-07-17T00:00:00,1.1.1 Locação de Veiculos,419.3,LOCAÇÃO DE MOTO RESERVA W&W 
2025-07-10T00:00:00,1.1.2 Taxa de Manutenção,204.0,MANUTENÇÃO CORRETIVA 
2025-07-11T00:00:00,1.1.2 Taxa de Manutenção,17.62,MANUTENÇÃO CORRETIVA 
2025-07-11T00:00:00,1.1.2 Taxa de Manutenção,17.19,MANUTENÇÃO CORRETIVA 
2025-07-11T00:00:00,1.1.2 Taxa de Manutenção,18.91,MANUTENÇÃO CORRETIVA 
2025-07-14T00:00:00,1.1.2 Taxa de Manutenção,18.91,MANUTENÇÃO CORRETIVA 
2025-07-14T00:00:00,1.1.2 Taxa de Manutenção,44.9,MANUTENÇÃO CORRETIVA 
2025-07-15T00:00:00,1.1.2 Taxa de Manutenção,42.9,MANUTENÇÃO CORRETIVA -  TGW9J57 
2025-07-01T00:00:00,1.1.2 Taxa de Manutenção,200.0,MANUTENÇÃO CORRETIVA - SJX1E19 
2025-07-07T00:00:00,1.1.2 Taxa de Manutenção,40.0,MANUTENÇÃO CORRETIVA - SJX8B47 
2025-07-08T00:00:00,1.1.2 Taxa de Manutenção,17.62,MANUTENÇÃO CORRETIVA - SKI7J01 
2025-07-14T00:00:00,1.1.2 Taxa de Manutenção,44.9,MANUTENÇÃO CORRETIVA - SKK7I50 
2025-07-07T00:00:00,1.1.2 Taxa de Manutenção,20.0,MANUTENÇÃO CORRETIVA - SKL7A45 
2025-07-28T00:00:00,1.1.2 Taxa de Manutenção,25.0,MANUTENÇÃO CORRETIVA - SKM3I97 
2025-07-07T00:00:00,1.1.2 Taxa de Manutenção,19.0,MANUTENÇÃO CORRETIVA - SKM6J04 
2025-07-17T00:00:00,1.1.2 Taxa de Manutenção,50.98,MANUTENÇÃO CORRETIVA - SKM7H33 
2025-07-01T00:00:00,1.1.2 Taxa de Manutenção,126.0,MANUTENÇÃO CORRETIVA - SKN4I79 
2025-07-04T00:00:00,1.1.2 Taxa de Manutenção,60.0,MANUTENÇÃO CORRETIVA - SKP9E30 
2025-07-21T00:00:00,1.1.2 Taxa de Manutenção,17.0,MANUTENÇÃO CORRETIVA - SKT1C71 
2025-07-25T00:00:00,1.1.2 Taxa de Manutenção,75.49,MANUTENÇÃO CORRETIVA - TGR2E78 
2025-07-09T00:00:00,1.1.2 Taxa de Manutenção,97.5,MANUTENÇÃO CORRETIVA - TGR8D27 
2025-07-03T00:00:00,1.1.2 Taxa de Manutenção,80.75,MANUTENÇÃO CORRETIVA - TGU8A35 
2025-07-03T00:00:00,1.1.2 Taxa de Manutenção,250.0,MANUTENÇÃO CORRETIVA - TGU9I75 
2025-07-29T00:00:00,1.1.2 Taxa de Manutenção,150.0,MANUTENÇÃO CORRETIVA - TGY3G09 
2025-07-08T00:00:00,1.1.2 Taxa de Manutenção,50.0,MANUTENÇÃO CORRETIVA - TMH4b79 
2025-07-18T00:00:00,1.1.6 Taxa de Seguro,200.0,PAGAMENTO GUINCHO 
2025-07-08T00:00:00,"1.3.3 Devolução, Reembolso e Estorno",799.3,PIX INDEVIDO 
2025-07-28T00:00:00,1.3.4 Juros e Multas recebidas,300.0,RECEBIMENTO DE MULTA - SJX8B19 
2025-07-01T00:00:00,"1.3.3 Devolução, Reembolso e Estorno",400.0,RECEBIMENTO INDEVIDO 
2025-07-03T00:00:00,1.1.6 Taxa de Seguro,306.08,RECEBIMENTO MULTA CAMINHÃO W&W 
2025-07-04T00:00:00,"1.3.3 Devolução, Reembolso e Estorno",600.0,REEMBOLSO DILIGENCIA DE MOTOS 
2025-07-04T00:00:00,1.3.7 Programa de Indicação,1000.0,REEMBOLSO INDIQUE E GANHE 
2025-07-14T00:00:00,1.3.7 Programa de Indicação,1000.0,REEMBOLSO INDIQUE E GANHE 
2025-07-22T00:00:00,1.2.6 Rendimentos / Aplicação Financeira,0.03,REND PAGO APLIC AUT APR 
2025-07-29T00:00:00,1.2.6 Rendimentos / Aplicação Financeira,0.01,REND PAGO APLIC AUT APR 
2025-07-03T00:00:00,1.2.6 Rendimentos / Aplicação Financeira,0.02,REND PAGO APLIC AUT MAIS 
2025-07-04T00:00:00,1.2.6 Rendimentos / Aplicação Financeira,0.03,REND PAGO APLIC AUT MAIS 
2025-07-17T00:00:00,1.2.6 Rendimentos / Aplicação Financeira,0.04,RENDIMENTO 
2025-07-18T00:00:00,1.2.6 Rendimentos / Aplicação Financeira,0.05,RENDIMENTO 
2025-07-10T00:00:00,1.2.6 Rendimentos / Aplicação Financeira,0.06,RENDIMENTO ITAU 
2025-07-25T00:00:00,1.1.6 Taxa de Seguro,175.0,RESGATE DE MOTO 
2025-07-28T00:00:00,1.1.6 Taxa de Seguro,175.0,RESGATE DE MOTO 
2025-07-21T00:00:00,1.1.6 Taxa de Seguro,175.0,RESGATE DE MOTO - SKM7I85 
2025-07-23T00:00:00,1.1.6 Taxa de Seguro,175.0,RESGATE DE MOTO PLACA SKN0F63 
2025-07-21T00:00:00,1.1.2 Taxa de Manutenção,1949.39,SERVIÇOS E PEÇAS 
2025-07-09T00:00:00,1.1.5 Taxa de Espaço,641.67,TAXA DE ESPAÇO 
2025-07-09T00:00:00,1.1.5 Taxa de Espaço,1200.0,TAXA DE ESPAÇO 
2025-07-09T00:00:00,1.1.5 Taxa de Espaço,1933.36,TAXA DE ESPAÇO 
2025-07-10T00:00:00,1.1.5 Taxa de Espaço,1750.0,TAXA DE ESPAÇO 
2025-07-10T00:00:00,1.1.5 Taxa de Espaço,3425.01,TAXA DE ESPAÇO 
2025-07-10T00:00:00,1.1.5 Taxa de Espaço,11616.68,TAXA DE ESPAÇO 
2025-07-10T00:00:00,1.1.5 Taxa de Espaço,600.0,TAXA DE ESPAÇO 
2025-07-11T00:00:00,1.1.5 Taxa de Espaço,300.0,TAXA DE ESPAÇO 
2025-07-11T00:00:00,1.1.5 Taxa de Espaço,676.0,TAXA DE ESPAÇO 
2025-07-11T00:00:00,1.1.5 Taxa de Espaço,750.0,TAXA DE ESPAÇO 
2025-07-11T00:00:00,1.1.5 Taxa de Espaço,1000.0,TAXA DE ESPAÇO 
2025-07-11T00:00:00,1.1.5 Taxa de Espaço,1199.4,TAXA DE ESPAÇO 
2025-07-11T00:00:00,1.1.5 Taxa de Espaço,1600.0,TAXA DE ESPAÇO 
2025-07-11T00:00:00,1.1.5 Taxa de Espaço,1900.0,TAXA DE ESPAÇO 
2025-07-11T00:00:00,1.1.5 Taxa de Espaço,2388.0,TAXA DE ESPAÇO 
2025-07-11T00:00:00,1.1.5 Taxa de Espaço,2500.0,TAXA DE ESPAÇO 
2025-07-11T00:00:00,1.1.5 Taxa de Espaço,2500.0,TAXA DE ESPAÇO 
2025-07-11T00:00:00,1.1.5 Taxa de Espaço,2500.0,TAXA DE ESPAÇO 
2025-07-11T00:00:00,1.1.5 Taxa de Espaço,2985.0,TAXA DE ESPAÇO 
2025-07-11T00:00:00,1.1.5 Taxa de Espaço,3000.0,TAXA DE ESPAÇO 
2025-07-11T00:00:00,1.1.5 Taxa de Espaço,3383.0,TAXA DE ESPAÇO 
2025-07-11T00:00:00,1.1.5 Taxa de Espaço,3398.3,TAXA DE ESPAÇO 
2025-07-11T00:00:00,1.1.5 Taxa de Espaço,3804.0,TAXA DE ESPAÇO 
2025-07-11T00:00:00,1.1.5 Taxa de Espaço,4000.0,TAXA DE ESPAÇO 
2025-07-11T00:00:00,1.1.5 Taxa de Espaço,4400.0,TAXA DE ESPAÇO 
2025-07-11T00:00:00,1.1.5 Taxa de Espaço,5070.0,TAXA DE ESPAÇO 
2025-07-11T00:00:00,1.1.5 Taxa de Espaço,5325.0,TAXA DE ESPAÇO 
2025-07-11T00:00:00,1.1.5 Taxa de Espaço,6666.6,TAXA DE ESPAÇO 
2025-07-15T00:00:00,1.1.5 Taxa de Espaço,2800.0,TAXA DE ESPAÇO 
2025-07-31T00:00:00,1.1.8 Taxa de Intermediação,17500.0,TAXA DE INTERMEDIAÇÃO 
2025-07-31T00:00:00,1.1.8 Taxa de Intermediação,32500.0,TAXA DE INTERMEDIAÇÃO 
2025-07-31T00:00:00,1.1.8 Taxa de Intermediação,50000.0,TAXA DE INTERMEDIAÇÃO 
2025-07-17T00:00:00,1.1.14 Locação de Aparelho Móvel Celular,65.0,TAXA DE LOCCEL 
2025-07-18T00:00:00,1.1.14 Locação de Aparelho Móvel Celular,65.0,TAXA DE LOCCEL 
2025-07-21T00:00:00,1.1.14 Locação de Aparelho Móvel Celular,65.0,TAXA DE LOCCEL 
2025-07-08T00:00:00,1.1.2 Taxa de Manutenção,3015.69,TAXA DE MANUTENÇÃO 
2025-07-09T00:00:00,1.1.2 Taxa de Manutenção,294.69,TAXA DE MANUTENÇÃO 
2025-07-09T00:00:00,1.1.2 Taxa de Manutenção,548.5,TAXA DE MANUTENÇÃO 
2025-07-09T00:00:00,1.1.2 Taxa de Manutenção,1575.9,TAXA DE MANUTENÇÃO 
2025-07-10T00:00:00,1.1.2 Taxa de Manutenção,2023.2,TAXA DE MANUTENÇÃO 
2025-07-10T00:00:00,1.1.2 Taxa de Manutenção,8738.0,TAXA DE MANUTENÇÃO 
2025-07-10T00:00:00,1.1.2 Taxa de Manutenção,866.0,TAXA DE MANUTENÇÃO 
2025-07-11T00:00:00,1.1.2 Taxa de Manutenção,448.97,TAXA DE MANUTENÇÃO 
2025-07-11T00:00:00,1.1.2 Taxa de Manutenção,479.6,TAXA DE MANUTENÇÃO 
2025-07-11T00:00:00,1.1.2 Taxa de Manutenção,854.6,TAXA DE MANUTENÇÃO 
2025-07-11T00:00:00,1.1.2 Taxa de Manutenção,1056.16,TAXA DE MANUTENÇÃO 
2025-07-11T00:00:00,1.1.2 Taxa de Manutenção,1881.5,TAXA DE MANUTENÇÃO 
2025-07-11T00:00:00,1.1.2 Taxa de Manutenção,2123.0,TAXA DE MANUTENÇÃO 
2025-07-11T00:00:00,1.1.2 Taxa de Manutenção,2364.11,TAXA DE MANUTENÇÃO 
2025-07-11T00:00:00,1.1.2 Taxa de Manutenção,2418.8,TAXA DE MANUTENÇÃO 
2025-07-11T00:00:00,1.1.2 Taxa de Manutenção,2670.74,TAXA DE MANUTENÇÃO 
2025-07-11T00:00:00,1.1.2 Taxa de Manutenção,2889.0,TAXA DE MANUTENÇÃO 
2025-07-11T00:00:00,1.1.2 Taxa de Manutenção,2984.91,TAXA DE MANUTENÇÃO 
2025-07-11T00:00:00,1.1.2 Taxa de Manutenção,3332.61,TAXA DE MANUTENÇÃO 
2025-07-11T00:00:00,1.1.2 Taxa de Manutenção,4558.0,TAXA DE MANUTENÇÃO 
2025-07-11T00:00:00,1.1.2 Taxa de Manutenção,6962.16,TAXA DE MANUTENÇÃO 
2025-07-11T00:00:00,1.1.2 Taxa de Manutenção,8585.0,TAXA DE MANUTENÇÃO 
2025-07-11T00:00:00,1.1.2 Taxa de Manutenção,125.8,TAXA DE MANUTENÇÃO 
2025-07-14T00:00:00,1.1.2 Taxa de Manutenção,3258.5,TAXA DE MANUTENÇÃO 
2025-07-14T00:00:00,1.1.2 Taxa de Manutenção,5320.8,TAXA DE MANUTENÇÃO 
2025-07-15T00:00:00,1.1.2 Taxa de Manutenção,2226.25,TAXA DE MANUTENÇÃO 
2025-07-16T00:00:00,1.1.2 Taxa de Manutenção,3427.51,TAXA DE MANUTENÇÃO 
2025-07-22T00:00:00,1.1.2 Taxa de Manutenção,5953.1,TAXA DE MANUTENÇÃO 
2025-07-28T00:00:00,1.1.2 Taxa de Manutenção,32.29,TAXA DE MANUTENÇÃO 3 SEMANA 07/2052 
2025-07-28T00:00:00,1.1.2 Taxa de Manutenção,91.03,TAXA DE MANUTENÇÃO 3 SEMANA 07/2052 
2025-07-28T00:00:00,1.1.2 Taxa de Manutenção,100.24,TAXA DE MANUTENÇÃO 3 SEMANA 07/2052 
2025-07-28T00:00:00,1.1.2 Taxa de Manutenção,305.76,TAXA DE MANUTENÇÃO 3 SEMANA 07/2052 
2025-07-28T00:00:00,1.1.2 Taxa de Manutenção,324.15,TAXA DE MANUTENÇÃO 3 SEMANA 07/2052 
2025-07-28T00:00:00,1.1.2 Taxa de Manutenção,328.98,TAXA DE MANUTENÇÃO 3 SEMANA 07/2052 
2025-07-28T00:00:00,1.1.2 Taxa de Manutenção,722.48,TAXA DE MANUTENÇÃO 3 SEMANA 07/2052 
2025-07-28T00:00:00,1.1.2 Taxa de Manutenção,838.55,TAXA DE MANUTENÇÃO 3 SEMANA 07/2052 
2025-07-28T00:00:00,1.1.2 Taxa de Manutenção,840.44,TAXA DE MANUTENÇÃO 3 SEMANA 07/2052 
2025-07-28T00:00:00,1.1.2 Taxa de Manutenção,1225.23,TAXA DE MANUTENÇÃO 3 SEMANA 07/2052 
2025-07-28T00:00:00,1.1.2 Taxa de Manutenção,1268.78,TAXA DE MANUTENÇÃO 3 SEMANA 07/2052 
2025-07-28T00:00:00,1.1.2 Taxa de Manutenção,1560.38,TAXA DE MANUTENÇÃO 3 SEMANA 07/2052 
2025-07-28T00:00:00,1.1.2 Taxa de Manutenção,2686.46,TAXA DE MANUTENÇÃO 3 SEMANA 07/2052 
2025-07-23T00:00:00,1.1.2 Taxa de Manutenção,422.41,TAXA DE MANUTENÇÃO 3° SEMANA 07/2025 
2025-07-23T00:00:00,1.1.2 Taxa de Manutenção,296.71,TAXA DE MANUTENÇÃO 3° SEMANA 07/2025 
2025-07-25T00:00:00,1.1.2 Taxa de Manutenção,1580.28,TAXA DE MANUTENÇÃO 3° SEMANA 07/2025 
2025-07-29T00:00:00,1.1.2 Taxa de Manutenção,330.0,TAXA DE MANUTENÇÃO 3º SEMANA 07/2025 
2025-07-30T00:00:00,1.1.2 Taxa de Manutenção,245.79,TAXA DE MANUTENÇÃO 4° SEMANA 07/2025 
2025-07-30T00:00:00,1.1.2 Taxa de Manutenção,196.13,TAXA DE MANUTENÇÃO 4º SEMANA 07/2025 
2025-07-30T00:00:00,1.1.2 Taxa de Manutenção,293.5,TAXA DE MANUTENÇÃO 4º SEMANA 07/2025 
2025-07-30T00:00:00,1.1.2 Taxa de Manutenção,1080.07,TAXA DE MANUTENÇÃO 4º SEMANA 07/2025 
2025-07-22T00:00:00,1.1.2 Taxa de Manutenção,848.86,TAXA DE MANUTENÇÃO SEMANA  2 - 08/2025 
2025-07-09T00:00:00,1.1.11 Taxa de Marketing,150.0,TAXA DE MARKETING 
2025-07-09T00:00:00,1.1.11 Taxa de Marketing,150.0,TAXA DE MARKETING 
2025-07-10T00:00:00,1.1.11 Taxa de Marketing,150.0,TAXA DE MARKETING 
2025-07-10T00:00:00,1.1.11 Taxa de Marketing,150.0,TAXA DE MARKETING 
2025-07-10T00:00:00,1.1.11 Taxa de Marketing,250.0,TAXA DE MARKETING 
2025-07-10T00:00:00,1.1.11 Taxa de Marketing,300.0,TAXA DE MARKETING 
2025-07-10T00:00:00,1.1.11 Taxa de Marketing,300.0,TAXA DE MARKETING 
2025-07-11T00:00:00,1.1.11 Taxa de Marketing,250.0,TAXA DE MARKETING 
2025-07-11T00:00:00,1.1.11 Taxa de Marketing,250.0,TAXA DE MARKETING 
2025-07-11T00:00:00,1.1.11 Taxa de Marketing,300.0,TAXA DE MARKETING 
2025-07-11T00:00:00,1.1.11 Taxa de Marketing,300.0,TAXA DE MARKETING 
2025-07-11T00:00:00,1.1.11 Taxa de Marketing,125.0,TAXA DE MARKETING 
2025-07-11T00:00:00,1.1.11 Taxa de Marketing,150.0,TAXA DE MARKETING 
2025-07-11T00:00:00,1.1.11 Taxa de Marketing,150.0,TAXA DE MARKETING 
2025-07-11T00:00:00,1.1.11 Taxa de Marketing,150.0,TAXA DE MARKETING 
2025-07-11T00:00:00,1.1.11 Taxa de Marketing,250.0,TAXA DE MARKETING 
2025-07-11T00:00:00,1.1.11 Taxa de Marketing,250.0,TAXA DE MARKETING 
2025-07-11T00:00:00,1.1.11 Taxa de Marketing,250.0,TAXA DE MARKETING 
2025-07-11T00:00:00,1.1.11 Taxa de Marketing,250.0,TAXA DE MARKETING 
2025-07-11T00:00:00,1.1.11 Taxa de Marketing,250.0,TAXA DE MARKETING 
2025-07-15T00:00:00,1.1.11 Taxa de Marketing,250.0,TAXA DE MARKETING 
2025-07-15T00:00:00,1.1.11 Taxa de Marketing,300.0,TAXA DE MARKETING 
2025-07-29T00:00:00,1.1.11 Taxa de Marketing,250.0,TAXA DE MARKETING 
2025-07-01T00:00:00,1.1.13 Taxa de Retirada,50.0,TAXA DE RETIRADA 
2025-07-03T00:00:00,1.1.13 Taxa de Retirada,50.0,TAXA DE RETIRADA 
2025-07-03T00:00:00,1.1.13 Taxa de Retirada,50.0,TAXA DE RETIRADA 
2025-07-11T00:00:00,1.1.13 Taxa de Retirada,50.0,TAXA DE RETIRADA 
2025-07-14T00:00:00,1.1.13 Taxa de Retirada,50.0,TAXA DE RETIRADA 
2025-07-16T00:00:00,1.1.13 Taxa de Retirada,50.0,TAXA DE RETIRADA 
2025-07-21T00:00:00,1.1.13 Taxa de Retirada,50.0,TAXA DE RETIRADA 
2025-07-21T00:00:00,1.1.13 Taxa de Retirada,50.0,TAXA DE RETIRADA 
2025-07-24T00:00:00,1.1.13 Taxa de Retirada,50.0,TAXA DE RETIRADA 
2025-07-28T00:00:00,1.1.13 Taxa de Retirada,50.0,TAXA DE RETIRADA 
2025-07-30T00:00:00,1.1.13 Taxa de Retirada,50.0,TAXA DE RETIRADA - 
2025-07-30T00:00:00,1.1.13 Taxa de Retirada,50.0,TAXA DE RETIRADA - 
2025-07-08T00:00:00,1.1.13 Taxa de Retirada,50.0,TAXA DE RETIRADA -  SKW2E21 
2025-07-28T00:00:00,1.1.13 Taxa de Retirada,50.0,TAXA DE RETIRADA - SKI4A36 
2025-07-30T00:00:00,1.1.13 Taxa de Retirada,50.0,TAXA DE RETIRADA - SKI4E97 
2025-07-28T00:00:00,1.1.13 Taxa de Retirada,50.0,TAXA DE RETIRADA - SKM1B72 
2025-07-14T00:00:00,1.1.13 Taxa de Retirada,50.0,TAXA DE RETIRADA - SKM5G92 
2025-07-22T00:00:00,1.1.13 Taxa de Retirada,50.0,TAXA DE RETIRADA - SKM6F84 
2025-07-17T00:00:00,1.1.13 Taxa de Retirada,50.0,TAXA DE RETIRADA - SKM7G45 
2025-07-16T00:00:00,1.1.13 Taxa de Retirada,50.0,TAXA DE RETIRADA - SKM9D07 
2025-07-16T00:00:00,1.1.13 Taxa de Retirada,50.0,TAXA DE RETIRADA - SKN1A16 
2025-07-11T00:00:00,1.1.13 Taxa de Retirada,50.0,TAXA DE RETIRADA - SKN4J57 
2025-07-11T00:00:00,1.1.13 Taxa de Retirada,50.0,TAXA DE RETIRADA - SKN9J22 
2025-07-18T00:00:00,1.1.13 Taxa de Retirada,50.0,TAXA DE RETIRADA - SKO6B10 
2025-07-10T00:00:00,1.1.13 Taxa de Retirada,50.0,TAXA DE RETIRADA - SKO9E22 
2025-07-10T00:00:00,1.1.13 Taxa de Retirada,50.0,TAXA DE RETIRADA - SKP4A07 
2025-07-16T00:00:00,1.1.13 Taxa de Retirada,50.0,TAXA DE RETIRADA - SKP5A91 
2025-07-18T00:00:00,1.1.13 Taxa de Retirada,50.0,TAXA DE RETIRADA - SKQ0G83 
2025-07-21T00:00:00,1.1.13 Taxa de Retirada,50.0,TAXA DE RETIRADA - SKQ0G83 
2025-07-10T00:00:00,1.1.13 Taxa de Retirada,50.0,TAXA DE RETIRADA - SKQ6A35 
2025-07-30T00:00:00,1.1.13 Taxa de Retirada,50.0,TAXA DE RETIRADA - SKR1A38 
2025-07-04T00:00:00,1.1.13 Taxa de Retirada,50.0,TAXA DE RETIRADA - SKR5E06 
2025-07-21T00:00:00,1.1.13 Taxa de Retirada,50.0,TAXA DE RETIRADA - SKR6J57 
2025-07-14T00:00:00,1.1.13 Taxa de Retirada,50.0,TAXA DE RETIRADA - SKS2E12 
2025-07-16T00:00:00,1.1.13 Taxa de Retirada,50.0,TAXA DE RETIRADA - SKS6F12 
2025-07-16T00:00:00,1.1.13 Taxa de Retirada,50.0,TAXA DE RETIRADA - SKT6F85 
2025-07-08T00:00:00,1.1.13 Taxa de Retirada,50.0,TAXA DE RETIRADA - TGR1A76 
2025-07-04T00:00:00,1.1.13 Taxa de Retirada,50.0,TAXA DE RETIRADA - TGR2D45 
2025-07-09T00:00:00,1.1.13 Taxa de Retirada,50.0,TAXA DE RETIRADA - TGR2E78 
2025-07-17T00:00:00,1.1.13 Taxa de Retirada,50.0,TAXA DE RETIRADA - TGR7D96 
2025-07-21T00:00:00,1.1.13 Taxa de Retirada,50.0,TAXA DE RETIRADA - TGT0A25 
2025-07-01T00:00:00,1.1.13 Taxa de Retirada,50.0,TAXA DE RETIRADA - TGT4B82 
2025-07-09T00:00:00,1.1.13 Taxa de Retirada,50.0,TAXA DE RETIRADA - TGT4D16 
2025-07-09T00:00:00,1.1.13 Taxa de Retirada,50.0,TAXA DE RETIRADA - TGT8B37 
2025-07-25T00:00:00,1.1.13 Taxa de Retirada,50.0,TAXA DE RETIRADA - TGU0H71 
2025-07-07T00:00:00,1.1.13 Taxa de Retirada,50.0,TAXA DE RETIRADA - TGU1F96 
2025-07-04T00:00:00,1.1.13 Taxa de Retirada,50.0,TAXA DE RETIRADA - TGU2C37 
2025-07-08T00:00:00,1.1.13 Taxa de Retirada,50.0,TAXA DE RETIRADA - TGU5B61 
2025-07-08T00:00:00,1.1.13 Taxa de Retirada,50.0,TAXA DE RETIRADA - TGU5E89 
2025-07-16T00:00:00,1.1.13 Taxa de Retirada,50.0,TAXA DE RETIRADA - TGU6F03 
2025-07-30T00:00:00,1.1.13 Taxa de Retirada,50.0,TAXA DE RETIRADA - TGU7H43 
2025-07-11T00:00:00,1.1.13 Taxa de Retirada,50.0,TAXA DE RETIRADA - TGW0B26 
2025-07-29T00:00:00,1.1.13 Taxa de Retirada,50.0,TAXA DE RETIRADA - TGW0G06 
2025-07-15T00:00:00,1.1.13 Taxa de Retirada,50.0,TAXA DE RETIRADA - TGW0H83 
2025-07-11T00:00:00,1.1.13 Taxa de Retirada,50.0,TAXA DE RETIRADA - TGW1C51 
2025-07-28T00:00:00,1.1.13 Taxa de Retirada,50.0,TAXA DE RETIRADA - TGW1E74 
2025-07-18T00:00:00,1.1.13 Taxa de Retirada,50.0,TAXA DE RETIRADA - TGW1F55 
2025-07-10T00:00:00,1.1.13 Taxa de Retirada,50.0,TAXA DE RETIRADA - TGW1I71 
2025-07-17T00:00:00,1.1.13 Taxa de Retirada,50.0,TAXA DE RETIRADA - TGW2C07 
2025-07-10T00:00:00,1.1.13 Taxa de Retirada,50.0,TAXA DE RETIRADA - TGW2E81 
2025-07-04T00:00:00,1.1.13 Taxa de Retirada,50.0,TAXA DE RETIRADA - TGW2H14 
2025-07-14T00:00:00,1.1.13 Taxa de Retirada,50.0,TAXA DE RETIRADA - TGW2J25 
2025-07-30T00:00:00,1.1.13 Taxa de Retirada,50.0,TAXA DE RETIRADA - TGW2J25 
2025-07-24T00:00:00,1.1.13 Taxa de Retirada,50.0,TAXA DE RETIRADA - TGW3A47 
2025-07-11T00:00:00,1.1.13 Taxa de Retirada,50.0,TAXA DE RETIRADA - TGW3E99 
2025-07-24T00:00:00,1.1.13 Taxa de Retirada,50.0,TAXA DE RETIRADA - TGW3I66 
2025-07-04T00:00:00,1.1.13 Taxa de Retirada,50.0,TAXA DE RETIRADA - TGW3J24 
2025-07-10T00:00:00,1.1.13 Taxa de Retirada,50.0,TAXA DE RETIRADA - TGW5D51 
2025-07-23T00:00:00,1.1.13 Taxa de Retirada,50.0,TAXA DE RETIRADA - TGW5D51 
2025-07-01T00:00:00,1.1.13 Taxa de Retirada,50.0,TAXA DE RETIRADA - TGW5E97 
2025-07-24T00:00:00,1.1.13 Taxa de Retirada,50.0,TAXA DE RETIRADA - TGW5G10 
2025-07-28T00:00:00,1.1.13 Taxa de Retirada,50.0,TAXA DE RETIRADA - TGW5G55 
2025-07-18T00:00:00,1.1.13 Taxa de Retirada,50.0,TAXA DE RETIRADA - TGW6D11 
2025-07-07T00:00:00,1.1.13 Taxa de Retirada,50.0,TAXA DE RETIRADA - TGW6F28 
2025-07-04T00:00:00,1.1.13 Taxa de Retirada,50.0,TAXA DE RETIRADA - TGW7A83 
2025-07-22T00:00:00,1.1.13 Taxa de Retirada,50.0,TAXA DE RETIRADA - TGW7B69 
2025-07-17T00:00:00,1.1.13 Taxa de Retirada,50.0,TAXA DE RETIRADA - TGW7B86 
2025-07-01T00:00:00,1.1.13 Taxa de Retirada,50.0,TAXA DE RETIRADA - TGW8B73 
2025-07-04T00:00:00,1.1.13 Taxa de Retirada,50.0,TAXA DE RETIRADA - TGW8D02 
2025-07-25T00:00:00,1.1.13 Taxa de Retirada,50.0,TAXA DE RETIRADA - TGW8I66 
2025-07-18T00:00:00,1.1.13 Taxa de Retirada,50.0,TAXA DE RETIRADA - TGW8J33 
2025-07-17T00:00:00,1.1.13 Taxa de Retirada,50.0,TAXA DE RETIRADA - TGW9D97 
2025-07-07T00:00:00,1.1.13 Taxa de Retirada,50.0,TAXA DE RETIRADA - TGW9I27 
2025-07-03T00:00:00,1.1.13 Taxa de Retirada,50.0,TAXA DE RETIRADA - TGW9J01 
2025-07-14T00:00:00,1.1.13 Taxa de Retirada,50.0,TAXA DE RETIRADA - TGX0C36 
2025-07-21T00:00:00,1.1.13 Taxa de Retirada,50.0,TAXA DE RETIRADA - TGX4C42 
2025-07-29T00:00:00,1.1.13 Taxa de Retirada,50.0,TAXA DE RETIRADA - TGX4D49 
2025-07-18T00:00:00,1.1.13 Taxa de Retirada,50.0,TAXA DE RETIRADA - TGX4I08 
2025-07-23T00:00:00,1.1.13 Taxa de Retirada,50.0,TAXA DE RETIRADA - TGX6G03 
2025-07-23T00:00:00,1.1.13 Taxa de Retirada,50.0,TAXA DE RETIRADA - TGY1A54 
2025-07-30T00:00:00,1.1.13 Taxa de Retirada,50.0,TAXA DE RETIRADA - TGY2G26 
2025-07-23T00:00:00,1.1.13 Taxa de Retirada,50.0,TAXA DE RETIRADA - TGY3D68 
2025-07-21T00:00:00,1.1.13 Taxa de Retirada,50.0,TAXA DE RETIRADA - TGY4B87 
2025-07-18T00:00:00,1.1.13 Taxa de Retirada,50.0,TAXA DE RETIRADA - TGY4G92 
2025-07-22T00:00:00,1.1.13 Taxa de Retirada,50.0,TAXA DE RETIRADA - TGY8E40 
2025-07-21T00:00:00,1.1.13 Taxa de Retirada,50.0,TAXA DE RETIRADA - TGY8G81 
2025-07-03T00:00:00,1.1.13 Taxa de Retirada,50.0,TAXA DE RETIRADA - TIT8F90 
2025-07-10T00:00:00,1.1.13 Taxa de Retirada,50.0,TAXA DE RETIRADA - TJP7G89 
2025-07-25T00:00:00,1.1.13 Taxa de Retirada,50.0,TAXA DE RETIRADA - TKS2C10 
2025-07-10T00:00:00,1.1.13 Taxa de Retirada,50.0,TAXA DE RETIRADA - TLB9J18 
2025-07-07T00:00:00,1.1.13 Taxa de Retirada,65.0,TAXA DE RETIRADA LOCCEL 
2025-07-10T00:00:00,1.1.13 Taxa de Retirada,65.0,TAXA DE RETIRADA LOCEL 
2025-07-04T00:00:00,1.1.13 Taxa de Retirada,50.0,TAXA DE RETIRADA- SKJ4J61 
2025-07-07T00:00:00,1.1.13 Taxa de Retirada,50.0,TAXA DE RETIRADA -TGW1G65 
2025-07-04T00:00:00,1.1.13 Taxa de Retirada,50.0,TAXA DE RETIRADA- TGW2J65 
2025-07-07T00:00:00,1.1.13 Taxa de Retirada,50.0,TAXA DE RETIRADA- TGW5C53 
2025-07-09T00:00:00,1.1.7 Taxa de Royalties,272.52,TAXA DE ROYALTIES 
2025-07-09T00:00:00,1.1.7 Taxa de Royalties,359.4,TAXA DE ROYALTIES 
2025-07-09T00:00:00,1.1.7 Taxa de Royalties,674.94,TAXA DE ROYALTIES 
2025-07-10T00:00:00,1.1.7 Taxa de Royalties,1566.73,TAXA DE ROYALTIES 
2025-07-10T00:00:00,1.1.7 Taxa de Royalties,116.65,TAXA DE ROYALTIES 
2025-07-10T00:00:00,1.1.7 Taxa de Royalties,1385.25,TAXA DE ROYALTIES 
2025-07-11T00:00:00,1.1.7 Taxa de Royalties,269.55,TAXA DE ROYALTIES 
2025-07-11T00:00:00,1.1.7 Taxa de Royalties,277.07,TAXA DE ROYALTIES 
2025-07-11T00:00:00,1.1.7 Taxa de Royalties,332.92,TAXA DE ROYALTIES 
2025-07-11T00:00:00,1.1.7 Taxa de Royalties,337.47,TAXA DE ROYALTIES 
2025-07-11T00:00:00,1.1.7 Taxa de Royalties,376.64,TAXA DE ROYALTIES 
2025-07-11T00:00:00,1.1.7 Taxa de Royalties,456.96,TAXA DE ROYALTIES 
2025-07-11T00:00:00,1.1.7 Taxa de Royalties,581.39,TAXA DE ROYALTIES 
2025-07-11T00:00:00,1.1.7 Taxa de Royalties,785.29,TAXA DE ROYALTIES 
2025-07-11T00:00:00,1.1.7 Taxa de Royalties,863.17,TAXA DE ROYALTIES 
2025-07-11T00:00:00,1.1.7 Taxa de Royalties,938.64,TAXA DE ROYALTIES 
2025-07-11T00:00:00,1.1.7 Taxa de Royalties,1007.15,TAXA DE ROYALTIES 
2025-07-11T00:00:00,1.1.7 Taxa de Royalties,1064.24,TAXA DE ROYALTIES 
2025-07-11T00:00:00,1.1.7 Taxa de Royalties,1145.71,TAXA DE ROYALTIES 
2025-07-11T00:00:00,1.1.7 Taxa de Royalties,1194.97,TAXA DE ROYALTIES 
2025-07-11T00:00:00,1.1.7 Taxa de Royalties,1345.6,TAXA DE ROYALTIES 
2025-07-11T00:00:00,1.1.7 Taxa de Royalties,1437.21,TAXA DE ROYALTIES 
2025-07-11T00:00:00,1.1.7 Taxa de Royalties,1440.85,TAXA DE ROYALTIES 
2025-07-11T00:00:00,1.1.7 Taxa de Royalties,1460.55,TAXA DE ROYALTIES 
2025-07-11T00:00:00,1.1.7 Taxa de Royalties,1554.49,TAXA DE ROYALTIES 
2025-07-11T00:00:00,1.1.7 Taxa de Royalties,1589.28,TAXA DE ROYALTIES 
2025-07-11T00:00:00,1.1.7 Taxa de Royalties,1735.92,TAXA DE ROYALTIES 
2025-07-15T00:00:00,1.1.7 Taxa de Royalties,1011.31,TAXA DE ROYALTIES 
2025-07-09T00:00:00,1.1.9 Taxa de Sistema VELO,79.9,TAXA DE SISTEMA VELO 
2025-07-09T00:00:00,1.1.9 Taxa de Sistema VELO,79.9,TAXA DE SISTEMA VELO 
2025-07-09T00:00:00,1.1.9 Taxa de Sistema VELO,110.0,TAXA DE SISTEMA VELO 
2025-07-10T00:00:00,1.1.9 Taxa de Sistema VELO,79.9,TAXA DE SISTEMA VELO 
2025-07-10T00:00:00,1.1.9 Taxa de Sistema VELO,79.9,TAXA DE SISTEMA VELO 
2025-07-10T00:00:00,1.1.9 Taxa de Sistema VELO,79.9,TAXA DE SISTEMA VELO 
2025-07-10T00:00:00,1.1.9 Taxa de Sistema VELO,79.9,TAXA DE SISTEMA VELO 
2025-07-10T00:00:00,1.1.9 Taxa de Sistema VELO,110.0,TAXA DE SISTEMA VELO 
2025-07-11T00:00:00,1.1.9 Taxa de Sistema VELO,79.9,TAXA DE SISTEMA VELO 
2025-07-11T00:00:00,1.1.9 Taxa de Sistema VELO,79.9,TAXA DE SISTEMA VELO 
2025-07-11T00:00:00,1.1.9 Taxa de Sistema VELO,79.9,TAXA DE SISTEMA VELO 
2025-07-11T00:00:00,1.1.9 Taxa de Sistema VELO,79.9,TAXA DE SISTEMA VELO 
2025-07-11T00:00:00,1.1.9 Taxa de Sistema VELO,79.9,TAXA DE SISTEMA VELO 
2025-07-11T00:00:00,1.1.9 Taxa de Sistema VELO,79.9,TAXA DE SISTEMA VELO 
2025-07-11T00:00:00,1.1.9 Taxa de Sistema VELO,79.9,TAXA DE SISTEMA VELO 
2025-07-11T00:00:00,1.1.9 Taxa de Sistema VELO,79.9,TAXA DE SISTEMA VELO 
2025-07-11T00:00:00,1.1.9 Taxa de Sistema VELO,79.9,TAXA DE SISTEMA VELO 
2025-07-11T00:00:00,1.1.9 Taxa de Sistema VELO,79.9,TAXA DE SISTEMA VELO 
2025-07-11T00:00:00,1.1.9 Taxa de Sistema VELO,79.9,TAXA DE SISTEMA VELO 
2025-07-11T00:00:00,1.1.9 Taxa de Sistema VELO,79.9,TAXA DE SISTEMA VELO 
2025-07-11T00:00:00,1.1.9 Taxa de Sistema VELO,79.9,TAXA DE SISTEMA VELO 
2025-07-11T00:00:00,1.1.9 Taxa de Sistema VELO,79.9,TAXA DE SISTEMA VELO 
2025-07-11T00:00:00,1.1.9 Taxa de Sistema VELO,79.9,TAXA DE SISTEMA VELO 
2025-07-11T00:00:00,1.1.9 Taxa de Sistema VELO,79.9,TAXA DE SISTEMA VELO 
2025-07-11T00:00:00,1.1.9 Taxa de Sistema VELO,79.9,TAXA DE SISTEMA VELO 
2025-07-11T00:00:00,1.1.9 Taxa de Sistema VELO,79.9,TAXA DE SISTEMA VELO 
2025-07-15T00:00:00,1.1.9 Taxa de Sistema VELO,79.9,TAXA DE SISTEMA VELO 
2025-07-29T00:00:00,1.1.9 Taxa de Sistema VELO,79.9,TAXA DE VELO 
2025-07-22T00:00:00,1.1.14 Locação de Aparelho Móvel Celular,100.0,TAXA LOCCEL 
2025-07-22T00:00:00,1.1.14 Locação de Aparelho Móvel Celular,100.0,TAXA LOCCEL 
2025-07-23T00:00:00,1.1.14 Locação de Aparelho Móvel Celular,100.0,TAXA LOCCEL 
2025-07-23T00:00:00,1.1.1 Locação de Veiculos,272.0,UTILIZAÇÃO DA MOTO RESERVA - SJX2J11 
2025-07-25T00:00:00,1.1.1 Locação de Veiculos,50.9,UTILIZAÇÃO MOTO RESERVA 
2025-07-10T00:00:00,1.1.1 Locação de Veiculos,748.3,VALOR RECEB INDEVIDO 
